,ID,VormenVanJeugdzorg,Wijken,Perioden,TotaalJongerenMetJeugdzorgInNatura_1,k_0Tot4Jaar_2,k_4Tot12Jaar_3,k_12Tot18Jaar_4,k_18Tot23Jaar_5,ThuiswonendKindInEenouderhuishouden_6,ThuiswonendKindBijEenPaar_7,AnderHuishouden_8,TotaalTrajectenInNatura_9,GemeentelijkeToegang_10,Huisarts_11,Jeugdarts_12,GecertificeerdeInstelling_13,MedischSpecialist_14,RechterOfficierVanJustitie_15,GeenVerwijzer_16,VerwijzerOnbekend_17,Gemeentenaam_18,SoortRegio_19,Codering_20,IndelingswijzigingWijken_21
0,2,T001203,NL00      ,2022JJ00,  461985,   31040,  221980,  191520,   17440,  128385,  297540,   36065,  695095,  209385,  227295,   19555,   56135,   29330,    2295,   96890,    2825,                                        ,         ,NL01      ,       .
1,5,T001203,GM1680    ,2022JJ00,     595,      25,     285,     260,      25,     100,     445,      55,     860,     250,     360,      15,      50,      30,       .,      70,      10,Aa en Hunze                             ,Gemeente ,GM1680    ,       1
23,71,T001203,GM0358    ,2022JJ00,     870,      35,     475,     350,      15,     170,     660,      40,    1150,     355,     585,      10,      65,      50,       .,      35,       .,Aalsmeer                                ,Gemeente ,GM0358    ,       1
27,83,T001203,GM0197    ,2022JJ00,     705,      55,     315,     315,      20,     155,     490,      60,    1170,     490,     255,      20,      60,      30,       .,     250,       .,Aalten                                  ,Gemeente ,GM0197    ,       1
32,98,T001203,GM0059    ,2022JJ00,     785,      50,     385,     330,      15,     180,     535,      65,    1085,     430,     365,      30,      95,      35,      10,      30,       .,Achtkarspelen                           ,Gemeente ,GM0059    ,       1
36,110,T001203,GM0482    ,2022JJ00,     720,      45,     375,     275,      20,     165,     520,      35,    1110,     220,     205,       .,      65,      35,       .,     525,       .,Alblasserdam                            ,Gemeente ,GM0482    ,       1
43,131,T001203,GM0613    ,2022JJ00,     540,      30,     270,     235,      10,     110,     400,      30,     765,     165,     400,      35,      40,      55,       .,      20,       .,Albrandswaard                           ,Gemeente ,GM0613    ,       1
51,155,T001203,GM0361    ,2022JJ00,    3280,     190,    1675,    1310,     105,     990,    2055,     230,    4705,    1475,    2180,      35,     435,      80,       .,     125,      10,Alkmaar                                 ,Gemeente ,GM0361    ,       1
63,191,T001203,GM0141    ,2022JJ00,    2175,     170,    1050,     855,     100,     680,    1235,     260,    3675,    1240,     955,      90,     470,     150,      10,     330,       .,Almelo                                  ,Gemeente ,GM0141    ,       1
76,230,T001203,GM0034    ,2022JJ00,    6660,     530,    3140,    2755,     230,    2180,    3915,     565,    9825,    2015,    3750,     890,     955,     805,      20,     380,      70,Almere                                  ,Gemeente ,GM0034    ,       1
148,446,T001203,GM0484    ,2022JJ00,    3340,     165,    1615,    1400,     160,     715,    2375,     250,    5735,    1120,    1160,     145,     730,     225,      90,    1870,     110,Alphen aan den Rijn                     ,Gemeente ,GM0484    ,       1
165,497,T001203,GM1723    ,2022JJ00,     240,       .,     130,     105,       .,      35,     195,      10,     295,      65,     160,      10,       .,      40,       .,       .,       .,Alphen-Chaam                            ,Gemeente ,GM1723    ,       1
172,518,T001203,GM1959    ,2022JJ00,    1460,      65,     805,     565,      25,     230,    1150,      80,    2045,     870,     770,      40,      95,      55,       .,     115,       .,Altena                                  ,Gemeente ,GM1959    ,       1
192,578,T001203,GM0060    ,2022JJ00,      55,       .,      30,      20,       .,       .,      45,       .,      70,      20,      25,       .,       .,       .,       .,      10,       .,Ameland                                 ,Gemeente ,GM0060    ,       1
194,584,T001203,GM0307    ,2022JJ00,    5365,     385,    2455,    2170,     350,    1540,    3430,     395,    8165,    1650,    3010,     430,     450,     190,      20,    1955,       .,Amersfoort                              ,Gemeente ,GM0307    ,       1
228,686,T001203,GM0362    ,2022JJ00,    2150,     180,     990,     925,      60,     615,    1455,      80,    2780,     755,    1340,      30,     210,     125,       .,     135,      20,Amstelveen                              ,Gemeente ,GM0362    ,       1
243,731,T001203,GM0363    ,2022JJ00,   21520,    2305,    9645,    8465,    1105,    8450,   10985,    2085,   32485,    6165,    7825,     115,    3875,     705,      60,   11305,     265,Amsterdam                               ,Gemeente ,GM0363    ,       1
343,1031,T001203,GM0200    ,2022JJ00,    4700,     310,    2220,    2015,     155,    1265,    3030,     405,    7335,    3755,    1385,      30,     755,     585,      15,     230,      10,Apeldoorn                               ,Gemeente ,GM0200    ,       1
360,1082,T001203,GM0202    ,2022JJ00,    4700,     355,    2225,    1915,     205,    1605,    2660,     435,    7300,    2805,    2365,     185,     605,     395,      25,     295,       .,Arnhem                                  ,Gemeente ,GM0202    ,       1
385,1157,T001203,GM0106    ,2022JJ00,    2405,     115,    1085,    1075,     130,     705,    1485,     215,    3395,     715,    1565,     230,     255,     120,      30,     195,      40,Assen                                   ,Gemeente ,GM0106    ,       1
396,1190,T001203,GM0743    ,2022JJ00,     315,      20,     170,     125,       .,      55,     230,      30,     460,     290,      80,      10,      30,      15,       .,       .,       .,Asten                                   ,Gemeente ,GM0743    ,       1
408,1226,T001203,GM0744    ,2022JJ00,     150,       .,      95,      50,       .,      35,     110,       .,     200,      55,      95,       .,       .,      20,       .,       .,       .,Baarle-Nassau                           ,Gemeente ,GM0744    ,       1
412,1238,T001203,GM0308    ,2022JJ00,     650,      25,     325,     275,      25,     155,     445,      50,     925,     215,     490,      40,      60,      30,       .,      25,       .,Baarn                                   ,Gemeente ,GM0308    ,       1
418,1256,T001203,GM0489    ,2022JJ00,    1070,      25,     530,     490,      25,     225,     790,      55,    1450,     340,     775,      30,      75,     125,       .,      40,      10,Barendrecht                             ,Gemeente ,GM0489    ,       1
442,1328,T001203,GM0203    ,2022JJ00,    1650,      75,     905,     645,      30,     260,    1250,     140,    2475,     945,     860,      60,     170,      55,       .,     200,       .,Barneveld                               ,Gemeente ,GM0203    ,       1
453,1361,T001203,GM0888    ,2022JJ00,     395,      35,     190,     165,       .,     100,     270,      25,     575,     185,     205,      25,      45,      70,       .,      15,       .,Beek                                    ,Gemeente ,GM0888    ,       3
456,1370,T001203,GM1954    ,2022JJ00,     875,      50,     470,     345,      10,     225,     595,      55,    1285,     510,     390,      70,      90,     125,       .,      35,       .,Beekdaelen                              ,Gemeente ,GM1954    ,       1
464,1394,T001203,GM0889    ,2022JJ00,     355,      25,     175,     135,      15,      95,     235,      25,     520,     240,     125,      20,      40,      15,       .,      25,       .,Beesel                                  ,Gemeente ,GM0889    ,       1
467,1403,T001203,GM1945    ,2022JJ00,     690,      50,     365,     250,      25,     175,     460,      55,    1130,     490,     345,      20,      80,      90,       .,      20,       .,Berg en Dal                             ,Gemeente ,GM1945    ,       1
481,1445,T001203,GM1724    ,2022JJ00,     350,      20,     165,     120,      45,      70,     250,      30,     445,     170,     165,      15,      20,      15,       .,      25,       .,Bergeijk                                ,Gemeente ,GM1724    ,       1
489,1469,T001203,GM0893    ,2022JJ00,     305,      15,     150,     135,       .,      65,     220,      20,     470,     165,     170,      20,      40,      15,       .,      15,       .,Bergen (L.)                             ,Gemeente ,GM0893    ,       1
497,1493,T001203,GM0373    ,2022JJ00,     575,       .,     280,     280,       .,     140,     400,      35,     745,     180,     410,       .,      55,      10,       .,      40,       .,Bergen (NH.)                            ,Gemeente ,GM0373    ,       1
505,1517,T001203,GM0748    ,2022JJ00,    2230,     125,    1105,     930,      65,     585,    1510,     140,    3520,    1090,    1140,      40,     130,     135,       .,     815,       .,Bergen op Zoom                          ,Gemeente ,GM0748    ,       1
512,1538,T001203,GM1859    ,2022JJ00,    1005,      60,     485,     445,      15,     245,     670,      85,    1630,     750,     425,      35,     125,      60,       .,     105,       .,Berkelland                              ,Gemeente ,GM1859    ,       1
518,1556,T001203,GM1721    ,2022JJ00,     850,      60,     445,     325,      20,     315,     500,      30,    1305,     405,     290,       .,      60,      45,       .,     435,       .,Bernheze                                ,Gemeente ,GM1721    ,       1
525,1577,T001203,GM0753    ,2022JJ00,     850,      45,     385,     330,      90,     225,     580,      45,    1160,     500,     405,      55,      55,      30,       .,      75,       .,Best                                    ,Gemeente ,GM0753    ,       3
527,1583,T001203,GM0209    ,2022JJ00,     690,      35,     340,     295,      20,     165,     485,      40,    1085,     330,     520,      15,      75,      75,       .,      10,       .,Beuningen                               ,Gemeente ,GM0209    ,       1
532,1598,T001203,GM0375    ,2022JJ00,    1145,      85,     570,     460,      30,     315,     745,      85,    1670,     430,     700,     110,     235,      50,       .,      45,       .,Beverwijk                               ,Gemeente ,GM0375    ,       1
544,1634,T001203,GM0310    ,2022JJ00,    1500,      45,     645,     710,      95,     365,    1070,      60,    2170,     590,    1125,      40,     105,      90,      10,      65,      55,De Bilt                                 ,Gemeente ,GM0310    ,       1
555,1667,T001203,GM1728    ,2022JJ00,     390,      15,     185,     160,      30,      90,     280,      20,     520,     215,     190,      10,      15,      10,       .,      40,       .,Bladel                                  ,Gemeente ,GM1728    ,       1
561,1685,T001203,GM0376    ,2022JJ00,     315,      25,     165,     120,       .,      55,     245,      10,     425,      85,     255,      20,      20,      20,       .,       .,       .,Blaricum                                ,Gemeente ,GM0376    ,       1
563,1691,T001203,GM0377    ,2022JJ00,     645,      15,     300,     320,      10,     100,     530,      15,     865,     180,     530,      25,      65,      25,       .,      10,       .,Bloemendaal                             ,Gemeente ,GM0377    ,       1
569,1709,T001203,GM1901    ,2022JJ00,     955,      35,     500,     385,      35,     195,     675,      80,    1425,     435,     530,      40,     115,     105,      10,      95,       .,Bodegraven-Reeuwijk                     ,Gemeente ,GM1901    ,       1
577,1733,T001203,GM0755    ,2022JJ00,     245,      15,     115,     115,       .,      75,     165,      10,     330,     145,      90,       .,      10,       .,       .,      70,       .,Boekel                                  ,Gemeente ,GM0755    ,       1
580,1742,T001203,GM1681    ,2022JJ00,     645,      30,     305,     280,      35,     120,     455,      70,     930,     210,     345,      25,     105,      45,      10,      85,      15,Borger-Odoorn                           ,Gemeente ,GM1681    ,       1
606,1820,T001203,GM0147    ,2022JJ00,     645,      30,     345,     260,      10,     145,     460,      40,     985,     365,     325,      35,      95,      45,      10,      40,       .,Borne                                   ,Gemeente ,GM0147    ,       1
609,1829,T001203,GM0654    ,2022JJ00,     575,      30,     305,     225,      15,     120,     395,      60,     905,     465,     245,      15,      60,      35,       .,      20,       .,Borsele                                 ,Gemeente ,GM0654    ,       1
625,1877,T001203,GM0757    ,2022JJ00,     795,      35,     370,     370,      20,     180,     575,      45,    1120,     415,     430,      95,      65,      35,       .,      20,       .,Boxtel                                  ,Gemeente ,GM0757    ,       1
631,1895,T001203,GM0758    ,2022JJ00,    4725,     225,    2395,    2005,     100,    1300,    3150,     275,    6830,    2605,    2825,     305,     320,     270,      10,      55,       .,Breda                                   ,Gemeente ,GM0758    ,       1
643,1931,T001203,GM0501    ,2022JJ00,     290,      10,     160,     115,      10,      80,     190,      20,     400,     190,     105,       .,      30,      25,       .,      10,       .,Brielle                                 ,Gemeente ,GM0501    ,       1
648,1946,T001203,GM1876    ,2022JJ00,     750,      45,     350,     330,      25,     150,     530,      75,    1145,     565,     305,      30,      65,      70,       .,      35,       .,Bronckhorst                             ,Gemeente ,GM1876    ,       1
654,1964,T001203,GM0213    ,2022JJ00,     475,      40,     220,     205,      10,     110,     345,      25,     705,     300,     220,      20,      50,      65,       .,      10,       .,Brummen                                 ,Gemeente ,GM0213    ,       1
661,1985,T001203,GM0899    ,2022JJ00,     805,      70,     410,     310,      20,     285,     460,      65,    1360,     770,     205,      35,     155,      65,      10,      20,       .,Brunssum                                ,Gemeente ,GM0899    ,       1
667,2003,T001203,GM0312    ,2022JJ00,     455,      10,     225,     205,      15,      85,     350,      20,     650,     235,     305,      15,      15,      30,       .,      30,       .,Bunnik                                  ,Gemeente ,GM0312    ,       1
671,2015,T001203,GM0313    ,2022JJ00,     745,      40,     410,     285,      10,     120,     590,      35,    1105,     455,     430,      25,      60,      20,       .,      65,       .,Bunschoten                              ,Gemeente ,GM0313    ,       1
673,2021,T001203,GM0214    ,2022JJ00,     815,      45,     405,     330,      35,     170,     605,      40,    1200,     400,     490,      50,      55,     100,       .,      30,       .,Buren                                   ,Gemeente ,GM0214    ,       1
681,2045,T001203,GM0502    ,2022JJ00,    1980,     125,     955,     815,      85,     700,    1110,     170,    3090,     670,     710,      45,     250,     110,       .,    1015,      30,Capelle aan den IJssel                  ,Gemeente ,GM0502    ,       1
691,2075,T001203,GM0383    ,2022JJ00,     860,      40,     425,     380,      15,     175,     645,      40,    1070,     265,     595,      10,      95,      25,       .,      30,       .,Castricum                               ,Gemeente ,GM0383    ,       1
700,2102,T001203,GM0109    ,2022JJ00,     775,      50,     365,     320,      40,     180,     520,      75,    1110,     210,     395,     100,      95,      45,      10,     120,      25,Coevorden                               ,Gemeente ,GM0109    ,       1
710,2132,T001203,GM1706    ,2022JJ00,     460,      25,     220,     175,      40,     105,     330,      30,     625,     285,     195,      10,      55,      15,       .,      25,       .,Cranendonck                             ,Gemeente ,GM1706    ,       1
717,2153,T001203,GM0216    ,2022JJ00,     890,      50,     445,     370,      25,     185,     665,      40,    1235,     350,     620,      40,      55,      95,       .,      20,       .,Culemborg                               ,Gemeente ,GM0216    ,       1
720,2162,T001203,GM0148    ,2022JJ00,     690,      20,     360,     300,       .,     100,     545,      40,    1005,     340,     260,      40,      70,      30,       .,     200,       .,Dalfsen                                 ,Gemeente ,GM0148    ,       1
724,2174,T001203,GM1891    ,2022JJ00,     415,      25,     210,     170,      15,      80,     275,      60,     605,     160,     230,      25,      75,      25,       .,      25,       .,Dantumadiel                             ,Gemeente ,GM1891    ,       1
729,2189,T001203,GM0503    ,2022JJ00,    2685,     175,    1250,    1110,     155,     985,    1485,     215,    4905,    1260,    1385,     140,     405,     140,      25,    1290,       .,Delft                                   ,Gemeente ,GM0503    ,       1
743,2231,T001203,GM0762    ,2022JJ00,     635,      35,     295,     285,      15,     145,     450,      40,     850,     340,     330,      25,      50,      35,       .,      15,       .,Deurne                                  ,Gemeente ,GM0762    ,       1
749,2249,T001203,GM0150    ,2022JJ00,    2345,     140,    1105,    1035,      65,     690,    1460,     195,    3315,    1085,    1195,      80,     330,     145,       .,     125,      10,Deventer                                ,Gemeente ,GM0150    ,       1
765,2297,T001203,GM0384    ,2022JJ00,     600,      55,     275,     245,      30,     195,     360,      45,     805,     200,     325,       .,      95,      20,       .,      90,      10,Diemen                                  ,Gemeente ,GM0384    ,       1
774,2324,T001203,GM1980    ,2022JJ00,    2730,     115,    1410,    1150,      55,     660,    1860,     205,    3955,    1410,    1680,      20,     345,      85,       .,      90,       .,Dijk en Waard                           ,Gemeente ,GM1980    ,       3
800,2402,T001203,GM1774    ,2022JJ00,     445,      20,     250,     170,       .,      90,     325,      30,     715,     275,     240,      10,      80,      35,       .,      15,       .,Dinkelland                              ,Gemeente ,GM1774    ,       1
813,2441,T001203,GM0221    ,2022JJ00,     325,      25,     155,     140,       .,     105,     190,      30,     510,     250,     125,       .,      45,      20,       .,      20,       .,Doesburg                                ,Gemeente ,GM0221    ,       1
815,2447,T001203,GM0222    ,2022JJ00,    1500,     120,     710,     630,      45,     415,     920,     165,    2445,    1040,     685,      75,     240,      95,       .,      65,       .,Doetinchem                              ,Gemeente ,GM0222    ,       1
827,2483,T001203,GM0766    ,2022JJ00,     785,      35,     445,     295,      10,     160,     595,      25,    1055,     255,     580,      35,      50,      65,       .,      10,       .,Dongen                                  ,Gemeente ,GM0766    ,       1
830,2492,T001203,GM0505    ,2022JJ00,    3720,     290,    1795,    1510,     125,    1080,    2275,     370,    6165,    1360,    1675,      40,     355,     180,       .,    2105,      15,Dordrecht                               ,Gemeente ,GM0505    ,       1
844,2534,T001203,GM0498    ,2022JJ00,     375,      15,     190,     160,      10,     105,     245,      25,     495,     135,     200,       .,      40,      20,       .,      55,       .,Drechterland                            ,Gemeente ,GM0498    ,       1
853,2561,T001203,GM1719    ,2022JJ00,     725,      30,     410,     275,      10,     170,     510,      40,    1035,     315,     515,      25,      50,      40,       .,      60,       .,Drimmelen                               ,Gemeente ,GM1719    ,       1
860,2582,T001203,GM0303    ,2022JJ00,    1050,      55,     500,     475,      20,     270,     695,      85,    1500,     740,     145,      55,     105,      70,       .,     215,      15,Dronten                                 ,Gemeente ,GM0303    ,       1
868,2606,T001203,GM0225    ,2022JJ00,     490,      25,     255,     195,      10,     110,     355,      25,     720,     220,     365,      25,      35,      35,       .,       .,       .,Druten                                  ,Gemeente ,GM0225    ,       1
874,2624,T001203,GM0226    ,2022JJ00,     695,      35,     315,     325,      20,     155,     510,      30,    1040,     350,     450,      20,      55,      65,       .,      40,       .,Duiven                                  ,Gemeente ,GM0226    ,       1
881,2645,T001203,GM1711    ,2022JJ00,     865,      80,     450,     295,      40,     305,     500,      65,    1585,     460,     250,      35,     120,      50,      10,     570,       .,Echt-Susteren                           ,Gemeente ,GM1711    ,       1
893,2681,T001203,GM0385    ,2022JJ00,     610,      25,     290,     275,      15,     115,     455,      35,     850,     195,     360,      40,      80,      45,       .,      75,       .,Edam-Volendam                           ,Gemeente ,GM0385    ,       1
904,2714,T001203,GM0228    ,2022JJ00,    3115,     200,    1610,    1210,      95,     575,    2320,     220,    4485,    1430,    1930,     250,     315,     170,      10,     150,       .,Ede                                     ,Gemeente ,GM0228    ,       1
922,2768,T001203,GM0317    ,2022JJ00,     250,      10,     115,     115,      10,      65,     180,       .,     365,     105,     170,      10,      30,       .,       .,      30,       .,Eemnes                                  ,Gemeente ,GM0317    ,       1
924,2774,T001203,GM1979    ,2022JJ00,    1110,      75,     495,     485,      55,     330,     655,     125,    1715,     610,     475,      65,     205,      80,       .,      40,      35,Eemsdelta                               ,Gemeente ,GM1979    ,       1
944,2834,T001203,GM0770    ,2022JJ00,     380,      10,     170,     170,      30,      60,     305,      15,     470,     170,     205,       .,      20,      15,       .,      35,       .,Eersel                                  ,Gemeente ,GM0770    ,       1
951,2855,T001203,GM1903    ,2022JJ00,     595,      80,     285,     225,       .,      85,     450,      60,     875,     310,     290,      85,      80,      45,       .,      20,       .,Eijsden-Margraten                       ,Gemeente ,GM1903    ,       1
958,2876,T001203,GM0772    ,2022JJ00,    5080,     375,    2095,    2010,     595,    1810,    2790,     475,    7265,    2645,    2070,     190,     595,     180,      15,     860,      10,Eindhoven                               ,Gemeente ,GM0772    ,       3
979,2939,T001203,GM0230    ,2022JJ00,     555,      25,     305,     215,      10,     145,     380,      30,     870,     420,     205,       .,      55,      45,       .,      80,       .,Elburg                                  ,Gemeente ,GM0230    ,       1
983,2951,T001203,GM0114    ,2022JJ00,    2780,     210,    1275,    1165,     135,     800,    1705,     275,    4075,    1070,    1445,     245,     360,     170,      60,     290,      55,Emmen                                   ,Gemeente ,GM0114    ,       1
1011,3035,T001203,GM0388    ,2022JJ00,     515,      25,     225,     250,      10,     180,     300,      30,     710,     250,     295,       .,      45,      25,       .,      45,       .,Enkhuizen                               ,Gemeente ,GM0388    ,       1
1017,3053,T001203,GM0153    ,2022JJ00,    4330,     325,    1975,    1825,     205,    1360,    2470,     495,    7065,    2350,    1935,     340,    1095,     315,      25,     135,       .,Enschede                                ,Gemeente ,GM0153    ,       1
1028,3086,T001203,GM0232    ,2022JJ00,     760,      35,     395,     310,      20,     130,     565,      65,    1120,     610,     230,       .,      75,      75,       .,      55,       .,Epe                                     ,Gemeente ,GM0232    ,       1
1033,3101,T001203,GM0233    ,2022JJ00,     770,      45,     370,     335,      25,     160,     520,      90,    1150,     410,     410,       .,     100,      80,       .,      40,       .,Ermelo                                  ,Gemeente ,GM0233    ,       1
1040,3122,T001203,GM0777    ,2022JJ00,    1225,      55,     610,     530,      30,     285,     875,      70,    1745,     955,     390,      10,      85,      65,       .,     145,       .,Etten-Leur                              ,Gemeente ,GM0777    ,       1
1051,3155,T001203,GM1940    ,2022JJ00,    1080,      55,     530,     465,      30,     210,     795,      75,    1460,     445,     525,      60,     125,      40,      15,     105,       .,De Fryske Marren                        ,Gemeente ,GM1940    ,       1
1103,3311,T001203,GM0779    ,2022JJ00,     740,      50,     400,     280,      10,     200,     510,      25,    1050,     345,     455,      35,      40,      40,       .,      80,       .,Geertruidenberg                         ,Gemeente ,GM0779    ,       1
1107,3323,T001203,GM1771    ,2022JJ00,    1145,      80,     530,     440,      95,     395,     695,      55,    1745,     515,     390,      20,      70,      55,       .,     620,       .,Geldrop-Mierlo                          ,Gemeente ,GM1771    ,       1
1110,3332,T001203,GM1652    ,2022JJ00,     530,      20,     300,     200,      10,     120,     390,      25,     735,     390,     160,      15,      60,      25,       .,      15,       .,Gemert-Bakel                            ,Gemeente ,GM1652    ,       1
1118,3356,T001203,GM0907    ,2022JJ00,     460,      15,     240,     195,      10,      95,     340,      25,     665,     265,     255,      20,      35,      15,       .,      20,       .,Gennep                                  ,Gemeente ,GM0907    ,       1
1124,3374,T001203,GM0784    ,2022JJ00,     740,      40,     380,     315,      10,     170,     535,      40,     985,     275,     480,      30,      40,      80,       .,      20,       .,Gilze en Rijen                          ,Gemeente ,GM0784    ,       1
1129,3389,T001203,GM1924    ,2022JJ00,    1050,      45,     555,     435,      20,     240,     755,      55,    1565,     720,     400,      15,      70,     105,       .,     125,      10,Goeree-Overflakkee                      ,Gemeente ,GM1924    ,       1
1144,3434,T001203,GM0664    ,2022JJ00,    1120,      60,     550,     485,      30,     345,     690,      85,    1905,    1115,     435,      25,      75,      90,       .,      25,       .,Goes                                    ,Gemeente ,GM0664    ,       1
1154,3464,T001203,GM0785    ,2022JJ00,     660,      25,     360,     265,      10,     140,     490,      30,     865,     235,     375,      65,      30,     105,       .,      15,       .,Goirle                                  ,Gemeente ,GM0785    ,       1
1173,3521,T001203,GM1942    ,2022JJ00,    1790,      85,     845,     810,      50,     395,    1325,      70,    2405,     410,    1560,      25,     135,      85,      10,      50,       .,Gooise Meren                            ,Gemeente ,GM1942    ,       1
1180,3542,T001203,GM0512    ,2022JJ00,    1065,      90,     455,     485,      35,     305,     675,      85,    1650,     340,     385,       .,     100,      50,       .,     655,       .,Gorinchem                               ,Gemeente ,GM0512    ,       1
1202,3608,T001203,GM0513    ,2022JJ00,    2370,     150,    1195,     950,      75,     555,    1640,     180,    3605,     865,    1280,      85,     355,     180,      30,     490,       .,Gouda                                   ,Gemeente ,GM0513    ,       1
1212,3638,T001203,GM0518    ,2022JJ00,   15985,    1920,    7460,    6140,     465,    5535,    9135,    1315,   26160,    3575,    8580,    1070,    2065,     880,     180,    7835,      35,'s-Gravenhage                           ,Gemeente ,GM0518    ,       1
1257,3773,T001203,GM0014    ,2022JJ00,    5535,     390,    2510,    2390,     240,    1945,    3095,     495,    8265,    2285,    3515,     230,     840,     375,      25,     200,      65,Groningen                               ,Gemeente ,GM0014    ,       1
1278,3836,T001203,GM1729    ,2022JJ00,     290,      25,     145,     115,      10,      50,     215,      25,     410,     155,     130,      25,      40,       .,       .,      25,       .,Gulpen-Wittem                           ,Gemeente ,GM1729    ,       1
1286,3860,T001203,GM0158    ,2022JJ00,     520,      15,     275,     215,      10,     115,     370,      35,     780,     305,     300,      10,      70,      20,       .,      15,       .,Haaksbergen                             ,Gemeente ,GM0158    ,       1
1295,3887,T001203,GM0392    ,2022JJ00,    3915,     240,    1840,    1675,     155,    1135,    2560,     220,    5640,    1475,    2660,     205,     640,     170,       .,     120,      10,Haarlem                                 ,Gemeente ,GM0392    ,       1
1317,3953,T001203,GM0394    ,2022JJ00,    4470,     320,    2115,    1920,     115,    1070,    3195,     205,    6150,    1465,    3075,     220,     615,     300,       .,     210,      10,Haarlemmermeer                          ,Gemeente ,GM0394    ,       1
1336,4010,T001203,GM1655    ,2022JJ00,     745,      30,     390,     295,      30,     185,     515,      45,    1070,     435,     415,      45,      45,      55,       .,      10,       .,Halderberge                             ,Gemeente ,GM1655    ,       1
1342,4028,T001203,GM0160    ,2022JJ00,    1620,      95,     760,     735,      30,     300,    1190,     130,    2315,     760,     670,      55,     160,      55,       .,     435,      10,Hardenberg                              ,Gemeente ,GM0160    ,       1
1372,4118,T001203,GM0243    ,2022JJ00,    1630,      65,     835,     705,      25,     420,    1140,      70,    2605,    1285,     745,      20,     160,     180,       .,      65,       .,Harderwijk                              ,Gemeente ,GM0243    ,       1
1388,4166,T001203,GM0523    ,2022JJ00,     450,      20,     195,     210,      20,      70,     330,      45,     715,     215,     195,       .,      55,      35,       .,     165,       .,Hardinxveld-Giessendam                  ,Gemeente ,GM0523    ,       1
1393,4181,T001203,GM0072    ,2022JJ00,     380,      30,     190,     150,      10,     130,     215,      35,     535,     215,     170,       .,      65,      10,       .,      20,       .,Harlingen                               ,Gemeente ,GM0072    ,       1
1397,4193,T001203,GM0244    ,2022JJ00,     265,      10,     130,     115,       .,      40,     215,      10,     365,     165,     115,       .,      15,      10,       .,      40,       .,Hattem                                  ,Gemeente ,GM0244    ,       1
1400,4202,T001203,GM0396    ,2022JJ00,    1050,      75,     520,     420,      35,     270,     710,      70,    1520,     300,     690,     115,     215,      40,       .,      40,       .,Heemskerk                               ,Gemeente ,GM0396    ,       1
1412,4238,T001203,GM0397    ,2022JJ00,     700,      30,     325,     335,      10,     145,     545,      15,     940,     175,     585,      25,      70,      35,       .,      15,       .,Heemstede                               ,Gemeente ,GM0397    ,       1
1416,4250,T001203,GM0246    ,2022JJ00,     560,      25,     265,     260,      15,      85,     430,      50,     940,     445,     230,      10,      90,      20,       .,     105,       .,Heerde                                  ,Gemeente ,GM0246    ,       1
1419,4259,T001203,GM0074    ,2022JJ00,    1295,      75,     605,     575,      40,     355,     845,      95,    1795,     490,     735,      50,     155,      50,      15,     120,      15,Heerenveen                              ,Gemeente ,GM0074    ,       1
1427,4283,T001203,GM0917    ,2022JJ00,    2455,     280,    1090,    1020,      65,    1015,    1105,     335,    4210,    1895,     440,     105,     645,     115,      45,     465,      10,Heerlen                                 ,Gemeente ,GM0917    ,       1
1451,4355,T001203,GM1658    ,2022JJ00,     335,      15,     175,     115,      30,      50,     270,      15,     435,     230,     120,       .,      20,      10,       .,      40,       .,Heeze-Leende                            ,Gemeente ,GM1658    ,       1
1456,4370,T001203,GM0399    ,2022JJ00,     590,      25,     290,     260,      20,     110,     455,      25,     740,     220,     415,       .,      35,      20,       .,      10,       .,Heiloo                                  ,Gemeente ,GM0399    ,       1
1465,4397,T001203,GM0400    ,2022JJ00,    1775,     115,     815,     765,      80,     625,     930,     220,    2720,    1095,     815,      20,     245,      60,       .,     200,       .,Den Helder                              ,Gemeente ,GM0400    ,       1
1474,4424,T001203,GM0163    ,2022JJ00,     820,      45,     425,     340,      10,     180,     605,      35,    1200,     415,     440,      50,      65,      45,       .,     140,       .,Hellendoorn                             ,Gemeente ,GM0163    ,       1
1484,4454,T001203,GM0530    ,2022JJ00,     850,      50,     410,     355,      30,     230,     535,      85,    1195,     450,     380,      10,     110,      80,       .,      25,      15,Hellevoetsluis                          ,Gemeente ,GM0530    ,       1
1496,4490,T001203,GM0794    ,2022JJ00,    2065,     165,    1020,     815,      65,     600,    1280,     185,    3060,    1200,     855,     185,     340,      70,       .,     135,       .,Helmond                                 ,Gemeente ,GM0794    ,       1
1509,4529,T001203,GM0531    ,2022JJ00,    1055,      55,     565,     425,      15,     200,     820,      35,    1590,     255,     540,      35,      65,      70,       .,     555,      10,Hendrik-Ido-Ambacht                     ,Gemeente ,GM0531    ,       1
1515,4547,T001203,GM0164    ,2022JJ00,    2170,     160,     970,     985,      55,     655,    1315,     205,    3675,    1320,    1070,     155,     515,     160,      25,      45,       .,Hengelo                                 ,Gemeente ,GM0164    ,       1
1526,4580,T001203,GM0796    ,2022JJ00,    3825,     170,    2000,    1555,      95,    1045,    2470,     310,    5540,    2100,    1770,     445,     445,     170,      30,      65,       .,'s-Hertogenbosch                        ,Gemeente ,GM0796    ,       1
1541,4625,T001203,GM0252    ,2022JJ00,     395,      20,     200,     170,       .,      95,     285,      15,     580,     150,     300,      15,      35,      45,       .,       .,       .,Heumen                                  ,Gemeente ,GM0252    ,       1
1544,4634,T001203,GM0797    ,2022JJ00,    1190,      45,     620,     485,      40,     255,     880,      55,    1620,     410,     530,     325,     100,     125,       .,      20,       .,Heusden                                 ,Gemeente ,GM0797    ,       1
1556,4670,T001203,GM0534    ,2022JJ00,     710,      25,     380,     290,      15,     135,     555,      20,    1070,     215,     370,      20,      45,      30,       .,     335,       .,Hillegom                                ,Gemeente ,GM0534    ,       1
1562,4688,T001203,GM0798    ,2022JJ00,     285,      10,     140,     130,       .,      55,     215,      15,     360,     100,     155,      15,      25,      45,       .,       .,       .,Hilvarenbeek                            ,Gemeente ,GM0798    ,       1
1568,4706,T001203,GM0402    ,2022JJ00,    2505,     175,    1190,    1065,      80,     690,    1675,     140,    3780,    1025,    1965,     110,     230,     110,      10,      75,       .,Hilversum                               ,Gemeente ,GM0402    ,       1
1578,4736,T001203,GM1963    ,2022JJ00,    2205,     100,    1095,     975,      35,     455,    1630,     120,    3490,     725,    1010,       .,     155,     130,       .,    1275,      10,Hoeksche Waard                          ,Gemeente ,GM1963    ,       1
1593,4781,T001203,GM1735    ,2022JJ00,     750,      30,     380,     320,      20,     165,     545,      40,    1155,     475,     415,      20,      80,      65,       .,      10,       .,Hof van Twente                          ,Gemeente ,GM1735    ,       1
1604,4814,T001203,GM1966    ,2022JJ00,    1415,      70,     665,     640,      45,     360,     950,     110,    2025,     540,     860,      90,     195,      85,       .,      60,      55,Het Hogeland                            ,Gemeente ,GM1966    ,       1
1619,4859,T001203,GM1911    ,2022JJ00,    1360,      85,     700,     535,      45,     320,     935,     105,    1935,     630,     455,      10,     120,      45,       .,     545,       .,Hollands Kroon                          ,Gemeente ,GM1911    ,       1
1639,4919,T001203,GM0118    ,2022JJ00,    1605,     100,     755,     675,      70,     415,    1050,     140,    2225,     580,     965,      40,     170,     135,      20,     100,      40,Hoogeveen                               ,Gemeente ,GM0118    ,       1
1653,4961,T001203,GM0405    ,2022JJ00,    2100,     105,     970,     960,      65,     625,    1340,     135,    2995,    1195,    1020,      15,     195,     110,       .,     225,       .,Hoorn                                   ,Gemeente ,GM0405    ,       1
1668,5006,T001203,GM1507    ,2022JJ00,    1060,      55,     520,     465,      25,     165,     810,      85,    1450,     585,     500,      55,     125,      45,      10,      35,       .,Horst aan de Maas                       ,Gemeente ,GM1507    ,       1
1685,5057,T001203,GM0321    ,2022JJ00,    1610,      75,     750,     735,      45,     330,    1210,      65,    2345,     650,    1115,     150,     140,     110,       .,      55,       .,Houten                                  ,Gemeente ,GM0321    ,       1
1697,5093,T001203,GM0406    ,2022JJ00,    1040,      50,     485,     460,      50,     305,     660,      75,    1520,     410,     755,      45,     125,      45,       .,      40,       .,Huizen                                  ,Gemeente ,GM0406    ,       1
1711,5135,T001203,GM0677    ,2022JJ00,     690,      30,     330,     310,      20,     175,     460,      55,    1170,     440,     525,      25,      45,      35,       .,       .,       .,Hulst                                   ,Gemeente ,GM0677    ,       1
1727,5183,T001203,GM0353    ,2022JJ00,    1035,      50,     480,     465,      40,     290,     705,      45,    1470,     515,     540,      25,     170,      75,       .,      55,       .,IJsselstein                             ,Gemeente ,GM0353    ,       1
1729,5189,T001203,GM1884    ,2022JJ00,     830,      50,     420,     305,      55,     165,     640,      30,    1400,     275,     310,      55,     155,      60,      20,     460,      20,Kaag en Braassem                        ,Gemeente ,GM1884    ,       1
1735,5207,T001203,GM0166    ,2022JJ00,    1625,      80,     805,     705,      35,     335,    1165,     120,    2255,     685,     840,      15,     155,     100,       .,     280,      15,Kampen                                  ,Gemeente ,GM0166    ,       1
1745,5237,T001203,GM0678    ,2022JJ00,     390,      15,     215,     155,       .,      95,     265,      30,     625,     390,     115,      10,      30,      35,       .,      10,       .,Kapelle                                 ,Gemeente ,GM0678    ,       1
1749,5249,T001203,GM0537    ,2022JJ00,    2095,     150,    1070,     840,      35,     355,    1215,     525,    3015,     560,     980,      90,     180,     150,      10,     875,       .,Katwijk                                 ,Gemeente ,GM0537    ,       1
1757,5273,T001203,GM0928    ,2022JJ00,    1245,     120,     600,     490,      30,     425,     665,     155,    2190,     935,     455,     100,     340,      75,      25,      40,       .,Kerkrade                                ,Gemeente ,GM0928    ,       1
1761,5285,T001203,GM1598    ,2022JJ00,     510,      15,     270,     205,      20,      90,     395,      30,     685,     250,     235,       .,      45,      30,       .,      90,       .,Koggenland                              ,Gemeente ,GM1598    ,       1
1772,5318,T001203,GM0542    ,2022JJ00,    1235,      70,     585,     540,      45,     345,     815,      75,    2120,     700,     240,      10,      65,      60,       .,     955,      10,Krimpen aan den IJssel                  ,Gemeente ,GM0542    ,       1
1774,5324,T001203,GM1931    ,2022JJ00,    1410,      65,     765,     540,      40,     275,    1000,     135,    2170,     705,     745,      35,     215,     130,       .,     140,       .,Krimpenerwaard                          ,Gemeente ,GM1931    ,       1
1787,5363,T001203,GM1659    ,2022JJ00,     430,      30,     225,     170,      10,      90,     320,      20,     605,     310,     165,      15,      35,      20,       .,      15,       .,Laarbeek                                ,Gemeente ,GM1659    ,       1
1792,5378,T001203,GM1982    ,2022JJ00,    2005,      80,     960,     940,      30,     440,    1405,     160,    2945,    1400,     865,      60,     245,     100,       .,      45,       .,Land van Cuijk                          ,Gemeente ,GM1982    ,       3
1826,5480,T001203,GM0882    ,2022JJ00,     945,      70,     420,     425,      25,     315,     530,     100,    1425,     745,     215,      20,     145,      35,       .,     130,      10,Landgraaf                               ,Gemeente ,GM0882    ,       1
1830,5492,T001203,GM0415    ,2022JJ00,     280,      10,     125,     135,      10,      75,     195,      10,     360,      70,     180,       .,      20,      10,       .,      55,       .,Landsmeer                               ,Gemeente ,GM0415    ,       1
1834,5504,T001203,GM1621    ,2022JJ00,    1765,      50,     875,     810,      30,     385,    1320,      60,    2415,     730,    1170,      40,     175,     150,       .,      25,      15,Lansingerland                           ,Gemeente ,GM1621    ,       1
1851,5555,T001203,GM0417    ,2022JJ00,     265,      10,     135,     120,       .,      80,     185,       .,     370,      70,     245,      10,      15,      15,       .,      10,       .,Laren                                   ,Gemeente ,GM0417    ,       1
1853,5561,T001203,GM0080    ,2022JJ00,    4060,     380,    1830,    1680,     175,    1430,    2210,     425,    5915,     975,    2100,     320,     590,     145,      55,    1120,      20,Leeuwarden                              ,Gemeente ,GM0080    ,       1
1876,5630,T001203,GM0546    ,2022JJ00,    3180,     200,    1435,    1435,     110,     870,    1845,     470,    5000,    1055,    1455,     115,     330,     200,      40,    1480,       .,Leiden                                  ,Gemeente ,GM0546    ,       1
1887,5663,T001203,GM0547    ,2022JJ00,     870,      55,     415,     365,      30,     180,     570,     120,    1330,     255,     400,      25,      70,      60,       .,     455,       .,Leiderdorp                              ,Gemeente ,GM0547    ,       1
1891,5675,T001203,GM1916    ,2022JJ00,    2120,     170,    1045,     870,      40,     640,    1330,     150,    3250,     640,    1605,     115,     240,     165,      20,     255,       .,Leidschendam-Voorburg                   ,Gemeente ,GM1916    ,       1
1905,5717,T001203,GM0995    ,2022JJ00,    2190,     130,    1030,     955,      75,     655,    1275,     260,    3155,     760,    1070,     150,     330,     160,      10,     155,      45,Lelystad                                ,Gemeente ,GM0995    ,       1
1917,5753,T001203,GM1640    ,2022JJ00,     990,      50,     465,     385,      90,     275,     630,      90,    1705,     465,     370,      25,     135,      25,       .,     590,       .,Leudal                                  ,Gemeente ,GM1640    ,       1
1934,5804,T001203,GM0327    ,2022JJ00,     840,      30,     415,     370,      25,     180,     610,      50,    1355,     365,     470,      50,      75,      35,       .,     290,       .,Leusden                                 ,Gemeente ,GM0327    ,       1
1941,5825,T001203,GM1705    ,2022JJ00,    1415,      55,     710,     625,      25,     275,    1060,      80,    2140,     665,    1060,      55,     130,      95,       .,      35,       .,Lingewaard                              ,Gemeente ,GM1705    ,       1
1950,5852,T001203,GM0553    ,2022JJ00,     665,      40,     315,     290,      20,     115,     520,      25,    1020,     205,     260,      15,      60,      45,       .,     375,       .,Lisse                                   ,Gemeente ,GM0553    ,       1
1955,5867,T001203,GM0262    ,2022JJ00,     735,      25,     340,     355,      10,     165,     530,      40,    1055,     575,     250,      30,      60,      70,       .,      10,       .,Lochem                                  ,Gemeente ,GM0262    ,       1
1962,5888,T001203,GM0809    ,2022JJ00,     595,      25,     340,     215,      10,     135,     430,      30,     815,     205,     225,     185,      50,      60,       .,      45,       .,Loon op Zand                            ,Gemeente ,GM0809    ,       1
1967,5903,T001203,GM0331    ,2022JJ00,     325,      15,     165,     135,      10,      80,     220,      25,     480,     195,     125,       .,      35,      45,       .,      40,       .,Lopik                                   ,Gemeente ,GM0331    ,       1
1969,5909,T001203,GM0168    ,2022JJ00,     505,      20,     260,     220,       .,     110,     365,      30,     825,     245,     270,      75,     100,      40,       .,      35,       .,Losser                                  ,Gemeente ,GM0168    ,       1
1975,5927,T001203,GM0263    ,2022JJ00,     640,      45,     320,     265,      15,     135,     450,      55,     945,     400,     320,      45,      65,      40,       .,      10,       .,Maasdriel                               ,Gemeente ,GM0263    ,       1
1981,5945,T001203,GM1641    ,2022JJ00,     525,      60,     240,     190,      35,     135,     345,      45,     885,     235,     205,      15,      75,      20,       .,     285,       .,Maasgouw                                ,Gemeente ,GM1641    ,       1
1990,5972,T001203,GM1991    ,2022JJ00,    1370,      65,     630,     650,      25,     400,     860,     105,    2020,     950,     525,      15,     165,      70,       .,     115,       .,Maashorst                               ,Gemeente ,GM1991    ,       3
1997,5993,T001203,GM0556    ,2022JJ00,     500,      35,     225,     210,      30,     195,     260,      45,     685,     200,     185,      10,     130,      45,       .,      10,      10,Maassluis                               ,Gemeente ,GM0556    ,       1
2006,6020,T001203,GM0935    ,2022JJ00,    2755,     310,    1335,    1025,      85,     990,    1495,     270,    4505,    1605,    1320,     325,     540,     215,      40,      65,      10,Maastricht                              ,Gemeente ,GM0935    ,       1
2014,6044,T001203,GM0420    ,2022JJ00,    1100,      65,     520,     495,      25,     275,     725,      95,    1535,     495,     535,      10,     135,      70,       .,     130,       .,Medemblik                               ,Gemeente ,GM0420    ,       1
2031,6095,T001203,GM0938    ,2022JJ00,     455,      35,     230,     180,      10,     105,     330,      20,     640,     255,     230,      50,      30,      40,       .,      15,       .,Meerssen                                ,Gemeente ,GM0938    ,       3
2035,6107,T001203,GM1948    ,2022JJ00,    2130,     140,    1065,     855,      65,     645,    1375,     110,    3085,    1115,     755,      60,     195,      80,       .,     700,       .,Meierijstad                             ,Gemeente ,GM1948    ,       1
2040,6122,T001203,GM0119    ,2022JJ00,    1020,      45,     445,     485,      40,     280,     670,      70,    1465,     380,     685,      20,      95,      35,      10,     110,      20,Meppel                                  ,Gemeente ,GM0119    ,       1
2055,6167,T001203,GM0687    ,2022JJ00,    1420,      65,     685,     600,      65,     430,     825,     165,    2425,    1070,     860,      50,     135,      85,      10,      30,       .,Middelburg                              ,Gemeente ,GM0687    ,       1
2080,6242,T001203,GM1842    ,2022JJ00,     410,      15,     195,     180,      15,      95,     295,      20,     560,     170,     270,      15,      30,      15,       .,      30,       .,Midden-Delfland                         ,Gemeente ,GM1842    ,       1
2083,6251,T001203,GM1731    ,2022JJ00,     835,      35,     360,     405,      35,     190,     580,      65,    1185,     305,     510,      35,     100,      40,      10,      90,      25,Midden-Drenthe                          ,Gemeente ,GM1731    ,       1
2101,6305,T001203,GM1952    ,2022JJ00,    1865,     110,     930,     770,      55,     550,    1170,     150,    2780,     775,    1125,     105,     255,     135,       .,     100,      35,Midden-Groningen                        ,Gemeente ,GM1952    ,       1
2123,6371,T001203,GM1709    ,2022JJ00,    1075,      50,     540,     455,      30,     225,     780,      70,    1530,     470,     670,      30,      55,      60,       .,     130,       .,Moerdijk                                ,Gemeente ,GM1709    ,       1
2135,6407,T001203,GM1978    ,2022JJ00,    1325,      85,     675,     540,      25,     225,     990,     110,    2085,     415,     420,       .,     125,      85,       .,     935,      10,Molenlanden                             ,Gemeente ,GM1978    ,       1
2156,6470,T001203,GM1955    ,2022JJ00,     865,      60,     435,     345,      20,     185,     625,      55,    1385,     655,     385,      20,      85,      60,       .,      95,       .,Montferland                             ,Gemeente ,GM1955    ,       1
2160,6482,T001203,GM0335    ,2022JJ00,     290,      10,     140,     125,      15,      65,     210,      15,     405,     175,     135,       .,      15,      35,       .,      15,       .,Montfoort                               ,Gemeente ,GM0335    ,       1
2164,6494,T001203,GM0944    ,2022JJ00,     150,       .,      75,      70,       .,      25,     120,      10,     230,      55,     125,       .,      10,      20,       .,       .,       .,Mook en Middelaar                       ,Gemeente ,GM0944    ,       1
2167,6503,T001203,GM1740    ,2022JJ00,     845,      40,     475,     295,      35,     135,     675,      35,    1245,     390,     540,      60,      70,      80,       .,      30,       .,Neder-Betuwe                            ,Gemeente ,GM1740    ,       1
2171,6515,T001203,GM0946    ,2022JJ00,     460,      30,     235,     165,      30,     130,     310,      15,     755,     190,     155,       .,      55,       .,       .,     290,       .,Nederweert                              ,Gemeente ,GM0946    ,       1
2177,6533,T001203,GM0356    ,2022JJ00,    1780,     125,     850,     720,      85,     520,    1140,     120,    2620,    1405,     530,      35,     175,     170,      15,      85,       .,Nieuwegein                              ,Gemeente ,GM0356    ,       1
2200,6602,T001203,GM0569    ,2022JJ00,     780,      35,     405,     330,      10,     120,     610,      50,    1165,     310,     210,      15,      55,      40,      10,     450,       .,Nieuwkoop                               ,Gemeente ,GM0569    ,       1
2205,6617,T001203,GM0267    ,2022JJ00,    1165,      65,     590,     475,      30,     200,     895,      65,    1685,     755,     540,      75,      85,      75,       .,      50,       .,Nijkerk                                 ,Gemeente ,GM0267    ,       1
2211,6635,T001203,GM0268    ,2022JJ00,    4165,     335,    2110,    1540,     180,    1405,    2395,     365,    6705,    1970,    2905,     285,     590,     375,      20,      70,       .,Nijmegen                                ,Gemeente ,GM0268    ,       1
2221,6665,T001203,GM1930    ,2022JJ00,    2740,     175,    1210,    1105,     255,    1015,    1500,     225,    4210,    1140,    1215,      15,     340,     175,      10,     880,      30,Nissewaard                              ,Gemeente ,GM1930    ,       1
2245,6737,T001203,GM1970    ,2022JJ00,    1145,      70,     555,     480,      40,     255,     780,     110,    1605,     465,     610,      90,     155,      60,      15,      35,      10,Noardeast-Frysln                       ,Gemeente ,GM1970    ,       1
2261,6785,T001203,GM1695    ,2022JJ00,     125,       .,      65,      55,       .,      30,      90,      10,     195,     115,      40,       .,      10,       .,       .,       .,       .,Noord-Beveland                          ,Gemeente ,GM1695    ,       1
2268,6806,T001203,GM1699    ,2022JJ00,     700,      40,     335,     300,      25,     155,     515,      35,     945,     425,     285,      25,      55,      40,       .,      65,       .,Noordenveld                             ,Gemeente ,GM1699    ,       1
2274,6824,T001203,GM0171    ,2022JJ00,    1085,      65,     540,     450,      30,     265,     690,     130,    1560,     530,     505,      60,     105,      40,       .,     140,      15,Noordoostpolder                         ,Gemeente ,GM0171    ,       1
2287,6863,T001203,GM0575    ,2022JJ00,    1190,      50,     555,     560,      25,     255,     900,      35,    1735,     365,     550,      20,      65,      50,       .,     620,       .,Noordwijk                               ,Gemeente ,GM0575    ,       1
2294,6884,T001203,GM0820    ,2022JJ00,     480,      20,     210,     205,      45,     115,     345,      20,     645,     295,     205,      30,      20,      15,       .,      55,       .,"Nuenen, Gerwen en Nederwetten           ",Gemeente ,GM0820    ,       1
2298,6896,T001203,GM0302    ,2022JJ00,     780,      35,     380,     345,      20,     140,     590,      45,    1195,     415,     440,       .,      95,      70,       .,      90,       .,Nunspeet                                ,Gemeente ,GM0302    ,       1
2301,6905,T001203,GM0579    ,2022JJ00,     840,      25,     390,     400,      25,     175,     510,     150,    1165,     205,     455,      20,      55,      50,       .,     335,       .,Oegstgeest                              ,Gemeente ,GM0579    ,       1
2307,6923,T001203,GM0823    ,2022JJ00,     445,      20,     210,     190,      30,      75,     360,      10,     560,     195,     190,       .,      15,      10,       .,     125,       .,Oirschot                                ,Gemeente ,GM0823    ,       1
2312,6938,T001203,GM0824    ,2022JJ00,     735,      25,     350,     345,      15,     150,     540,      40,    1005,     270,     395,      80,      40,     140,       .,      25,       .,Oisterwijk                              ,Gemeente ,GM0824    ,       1
2333,7001,T001203,GM1895    ,2022JJ00,    1045,      85,     495,     440,      25,     320,     585,     140,    1680,     530,     540,      30,     245,      85,       .,      25,      50,Oldambt                                 ,Gemeente ,GM1895    ,       1
2345,7037,T001203,GM0269    ,2022JJ00,     600,      30,     285,     275,       .,      85,     475,      40,     910,     445,     185,       .,      55,      40,       .,     105,       .,Oldebroek                               ,Gemeente ,GM0269    ,       1
2349,7049,T001203,GM0173    ,2022JJ00,     720,      35,     360,     320,      10,     175,     490,      55,    1155,     405,     380,      30,     135,      60,       .,      55,       .,Oldenzaal                               ,Gemeente ,GM0173    ,       1
2364,7094,T001203,GM1773    ,2022JJ00,     370,      25,     185,     150,      10,      85,     255,      25,     555,     195,     165,      25,      45,      25,       .,      50,       .,Olst-Wijhe                              ,Gemeente ,GM1773    ,       1
2377,7133,T001203,GM0175    ,2022JJ00,     410,      20,     195,     190,       .,      75,     305,      35,     585,     210,     170,      10,      40,      15,       .,     110,       .,Ommen                                   ,Gemeente ,GM0175    ,       1
2389,7169,T001203,GM1586    ,2022JJ00,     830,      50,     370,     380,      25,     160,     570,     100,    1470,     580,     265,      10,     110,      35,       .,     350,      10,Oost Gelre                              ,Gemeente ,GM1586    ,       1
2397,7193,T001203,GM0826    ,2022JJ00,    1630,      75,     865,     670,      20,     435,    1110,      85,    2430,     805,    1135,     100,     125,      95,       .,      20,       .,Oosterhout                              ,Gemeente ,GM0826    ,       1
2412,7238,T001203,GM0085    ,2022JJ00,     735,      35,     385,     300,      10,     230,     455,      55,    1025,     345,     315,      30,      95,      55,      10,      40,      15,Ooststellingwerf                        ,Gemeente ,GM0085    ,       1
2426,7280,T001203,GM0431    ,2022JJ00,     215,      10,     100,      95,      10,      50,     145,      15,     285,      60,      75,       .,      20,      10,       .,     105,       .,Oostzaan                                ,Gemeente ,GM0431    ,       1
2428,7286,T001203,GM0432    ,2022JJ00,     195,      10,      85,     100,       .,      40,     140,      15,     275,      95,      90,       .,      10,      20,       .,      30,       .,Opmeer                                  ,Gemeente ,GM0432    ,       1
2432,7298,T001203,GM0086    ,2022JJ00,     685,      45,     330,     290,      25,     165,     465,      60,     965,     290,     325,      30,     110,      30,      10,      70,      10,Opsterland                              ,Gemeente ,GM0086    ,       1
2448,7346,T001203,GM0828    ,2022JJ00,    3035,     305,    1515,    1165,      50,    1275,    1555,     210,    4830,    1300,    1090,      50,     295,      95,      10,    1705,       .,Oss                                     ,Gemeente ,GM0828    ,       1
2472,7418,T001203,GM1509    ,2022JJ00,    1165,      95,     590,     445,      35,     270,     800,      90,    2050,     610,     330,      25,     130,      55,       .,     775,       .,Oude IJsselstreek                       ,Gemeente ,GM1509    ,       1
2477,7433,T001203,GM0437    ,2022JJ00,     345,      25,     155,     150,      15,      95,     220,      30,     415,     100,     195,       .,      45,      15,       .,      30,      10,Ouder-Amstel                            ,Gemeente ,GM0437    ,       1
2479,7439,T001203,GM0589    ,2022JJ00,     195,      10,     120,      65,       .,      50,     140,      10,     265,     135,      60,       .,      15,      25,       .,      10,       .,Oudewater                               ,Gemeente ,GM0589    ,       1
2484,7454,T001203,GM1734    ,2022JJ00,    1340,      70,     690,     555,      25,     295,     975,      70,    2020,     820,     710,      85,     140,     110,       .,      30,       .,Overbetuwe                              ,Gemeente ,GM1734    ,       1
2503,7511,T001203,GM0590    ,2022JJ00,    1060,      60,     555,     420,      20,     290,     705,      60,    1650,     300,     345,       .,      65,      65,       .,     775,      10,Papendrecht                             ,Gemeente ,GM0590    ,       1
2513,7541,T001203,GM1894    ,2022JJ00,     895,      75,     410,     385,      30,     155,     685,      60,    1325,     695,     295,      70,      85,      40,      10,      20,       .,Peel en Maas                            ,Gemeente ,GM1894    ,       1
2520,7562,T001203,GM0765    ,2022JJ00,     375,      40,     195,     125,      10,     100,     230,      40,     615,     185,     180,      30,      80,      25,       .,      15,      30,Pekela                                  ,Gemeente ,GM0765    ,       1
2523,7571,T001203,GM1926    ,2022JJ00,    1580,      80,     755,     705,      40,     325,    1195,      60,    2035,     555,    1050,      55,      95,     105,       .,      95,       .,Pijnacker-Nootdorp                      ,Gemeente ,GM1926    ,       1
2527,7583,T001203,GM0439    ,2022JJ00,    1990,     180,     905,     840,      65,     655,    1180,     155,    2810,     885,     875,      20,     340,     110,       .,     350,      35,Purmerend                               ,Gemeente ,GM0439    ,       3
2536,7610,T001203,GM0273    ,2022JJ00,     665,      30,     340,     280,      10,     120,     485,      55,    1025,     370,     375,      15,     100,      50,       .,      35,       .,Putten                                  ,Gemeente ,GM0273    ,       1
2539,7619,T001203,GM0177    ,2022JJ00,     560,      35,     265,     245,      15,     105,     410,      45,     865,     345,     135,      30,     100,      40,       .,     125,       .,Raalte                                  ,Gemeente ,GM0177    ,       1
2549,7649,T001203,GM0703    ,2022JJ00,     625,      40,     330,     235,      20,     125,     450,      50,    1020,     555,     250,      15,      35,      60,       .,      55,       .,Reimerswaal                             ,Gemeente ,GM0703    ,       1
2557,7673,T001203,GM0274    ,2022JJ00,     815,      40,     355,     400,      20,     225,     535,      60,    1240,     405,     515,      35,      95,      75,       .,      20,       .,Renkum                                  ,Gemeente ,GM0274    ,       1
2570,7712,T001203,GM0339    ,2022JJ00,     130,      10,      70,      50,       .,      20,     100,      10,     185,     115,      30,       .,       .,       .,       .,      15,       .,Renswoude                               ,Gemeente ,GM0339    ,       1
2572,7718,T001203,GM1667    ,2022JJ00,     290,      10,     150,     120,      15,      65,     215,      15,     375,     155,     130,       .,      10,      15,       .,      25,       .,Reusel-De Mierden                       ,Gemeente ,GM1667    ,       1
2577,7733,T001203,GM0275    ,2022JJ00,    1140,      55,     570,     480,      35,     350,     695,     100,    1755,     520,     715,      55,     155,     125,       .,      30,       .,Rheden                                  ,Gemeente ,GM0275    ,       1
2581,7745,T001203,GM0340    ,2022JJ00,     395,      20,     220,     145,      10,      75,     295,      20,     565,     310,     145,       .,      35,      20,       .,      30,       .,Rhenen                                  ,Gemeente ,GM0340    ,       1
2596,7790,T001203,GM0597    ,2022JJ00,    1025,      55,     560,     380,      30,     280,     660,      85,    1505,     425,     610,      25,     110,      90,       .,      90,      10,Ridderkerk                              ,Gemeente ,GM0597    ,       1
2609,7829,T001203,GM1742    ,2022JJ00,    1185,      60,     610,     485,      30,     165,     960,      60,    1795,     655,     730,      35,      85,      50,       .,     165,       .,Rijssen-Holten                          ,Gemeente ,GM1742    ,       1
2618,7856,T001203,GM0603    ,2022JJ00,    1570,     160,     820,     550,      45,     630,     855,      85,    2540,     445,    1040,      80,     210,      95,      35,     475,       .,Rijswijk                                ,Gemeente ,GM0603    ,       1
2630,7892,T001203,GM1669    ,2022JJ00,     485,      35,     250,     170,      30,     165,     280,      40,     850,     260,     175,      30,      55,      15,       .,     260,       .,Roerdalen                               ,Gemeente ,GM1669    ,       1
2637,7913,T001203,GM0957    ,2022JJ00,    1745,     150,     795,     690,     110,     690,     925,     130,    3080,     850,     620,      60,     280,      50,      15,     975,       .,Roermond                                ,Gemeente ,GM0957    ,       1
2648,7946,T001203,GM0736    ,2022JJ00,     850,      50,     395,     385,      15,     220,     590,      40,    1180,     315,     555,      20,      85,      60,       .,      30,       .,De Ronde Venen                          ,Gemeente ,GM0736    ,       1
2657,7973,T001203,GM1674    ,2022JJ00,    2070,     120,     970,     900,      80,     540,    1365,     165,    3030,    1235,     930,      35,     195,     140,       .,     250,       .,Roosendaal                              ,Gemeente ,GM1674    ,       1
2672,8018,T001203,GM0599    ,2022JJ00,   12310,    1020,    5235,    5010,    1045,    5160,    5390,    1765,   18725,    3195,    4905,     190,    2120,     965,      75,    4000,     295,Rotterdam                               ,Gemeente ,GM0599    ,       1
2694,8084,T001203,GM0277    ,2022JJ00,      45,       .,      15,      25,       .,       .,      40,       .,      60,      25,      25,       .,       .,       .,       .,       .,       .,Rozendaal                               ,Gemeente ,GM0277    ,       1
2696,8090,T001203,GM0840    ,2022JJ00,     620,      25,     315,     245,      25,     130,     435,      50,     890,     325,     285,      15,      75,      35,       .,     100,       .,Rucphen                                 ,Gemeente ,GM0840    ,       1
2702,8108,T001203,GM0441    ,2022JJ00,    1035,      30,     510,     460,      35,     235,     720,      80,    1545,     565,     580,       .,     150,      25,       .,     105,       .,Schagen                                 ,Gemeente ,GM0441    ,       1
2720,8162,T001203,GM0279    ,2022JJ00,     265,      15,     135,     105,      10,      55,     200,      10,     420,     165,     150,      15,      30,      10,       .,      30,       .,Scherpenzeel                            ,Gemeente ,GM0279    ,       1
2722,8168,T001203,GM0606    ,2022JJ00,    1260,     115,     545,     535,      60,     495,     615,     150,    1870,     465,     565,      45,     320,     105,      10,      30,      25,Schiedam                                ,Gemeente ,GM0606    ,       1
2733,8201,T001203,GM0088    ,2022JJ00,      15,       .,      10,       .,       .,       .,      10,       .,      20,      10,       .,       .,       .,       .,       .,       .,       .,Schiermonnikoog                         ,Gemeente ,GM0088    ,       1
2735,8207,T001203,GM1676    ,2022JJ00,     735,      30,     365,     315,      25,     160,     505,      65,    1075,     470,     395,      15,      55,      35,       .,      15,       .,Schouwen-Duiveland                      ,Gemeente ,GM1676    ,       1
2752,8258,T001203,GM0965    ,2022JJ00,     220,      15,     110,      90,       .,      55,     125,      35,     370,     165,      70,      15,      50,      30,       .,      10,       .,Simpelveld                              ,Gemeente ,GM0965    ,       1
2755,8267,T001203,GM0845    ,2022JJ00,     605,      10,     315,     275,       .,      90,     495,      20,     825,     395,     270,      55,      30,      30,       .,       .,       .,Sint-Michielsgestel                     ,Gemeente ,GM0845    ,       1
2761,8285,T001203,GM1883    ,2022JJ00,    2650,     190,    1250,    1150,      60,     805,    1585,     260,    4140,    1190,    1360,     210,     535,     440,      35,      60,       .,Sittard-Geleen                          ,Gemeente ,GM1883    ,       1
2770,8312,T001203,GM0610    ,2022JJ00,     950,      75,     525,     325,      20,     220,     660,      70,    1560,     355,     275,       .,      95,      50,       .,     660,       .,Sliedrecht                              ,Gemeente ,GM0610    ,       1
2775,8327,T001203,GM1714    ,2022JJ00,     625,      25,     350,     240,      15,     155,     420,      50,    1030,     330,     450,      70,      60,      30,       .,      20,       .,Sluis                                   ,Gemeente ,GM1714    ,       1
2791,8375,T001203,GM0090    ,2022JJ00,    1785,      80,     845,     785,      75,     500,    1080,     205,    2570,     810,     895,      55,     345,      90,      15,      45,      20,Smallingerland                          ,Gemeente ,GM0090    ,       1
2794,8384,T001203,GM0342    ,2022JJ00,    1300,      50,     645,     570,      40,     300,     930,      75,    1875,     495,     975,      75,     125,      50,       .,      35,       .,Soest                                   ,Gemeente ,GM0342    ,       1
2803,8411,T001203,GM0847    ,2022JJ00,     330,      30,     165,     120,      15,      70,     250,      10,     445,     235,     135,      10,      15,      15,       .,       .,       .,Someren                                 ,Gemeente ,GM0847    ,       1
2809,8429,T001203,GM0848    ,2022JJ00,     490,      30,     245,     175,      35,     110,     355,      25,     640,     270,     205,      70,      20,      15,       .,      35,       .,Son en Breugel                          ,Gemeente ,GM0848    ,       1
2812,8438,T001203,GM0037    ,2022JJ00,     840,      80,     420,     320,      20,     220,     510,     110,    1290,     280,     420,      55,     165,     100,       .,      80,      45,Stadskanaal                             ,Gemeente ,GM0037    ,       1
2818,8456,T001203,GM0180    ,2022JJ00,     320,      15,     170,     130,       .,      55,     250,      15,     455,     245,      80,       .,      25,      10,       .,      40,       .,Staphorst                               ,Gemeente ,GM0180    ,       1
2827,8483,T001203,GM0532    ,2022JJ00,     590,      25,     285,     265,      15,     135,     410,      45,     845,     280,     300,       .,      75,      40,       .,      70,       .,Stede Broec                             ,Gemeente ,GM0532    ,       1
2831,8495,T001203,GM0851    ,2022JJ00,     615,      25,     290,     290,      10,     120,     460,      35,     860,     390,     305,      15,      35,      60,       .,      10,       .,Steenbergen                             ,Gemeente ,GM0851    ,       1
2837,8513,T001203,GM1708    ,2022JJ00,    1030,      55,     485,     460,      30,     265,     690,      80,    1540,     595,     475,      50,     125,      40,       .,      75,      10,Steenwijkerland                         ,Gemeente ,GM1708    ,       1
2869,8609,T001203,GM0971    ,2022JJ00,     560,      35,     260,     255,      10,     120,     405,      35,     830,     295,     250,      50,      65,     100,      10,      20,       .,Stein                                   ,Gemeente ,GM0971    ,       1
2873,8621,T001203,GM1904    ,2022JJ00,    1670,      65,     810,     730,      65,     345,    1225,     100,    3485,    1805,     500,      15,     115,     205,       .,     715,       .,Stichtse Vecht                          ,Gemeente ,GM1904    ,       1
2886,8660,T001203,GM1900    ,2022JJ00,    2420,     135,    1145,    1060,      80,     635,    1580,     205,    3275,     860,    1390,      55,     290,      75,      20,     240,      10,Sdwest-Frysln                         ,Gemeente ,GM1900    ,       1
2908,8726,T001203,GM0715    ,2022JJ00,    2115,     255,    1020,     780,      55,     560,    1385,     165,    3625,    1290,    1030,      70,     175,      75,       .,     720,       .,Terneuzen                               ,Gemeente ,GM0715    ,       1
2939,8819,T001203,GM0093    ,2022JJ00,     100,       .,      55,      40,       .,      25,      75,       .,     130,      55,      50,       .,       .,       .,       .,      15,       .,Terschelling                            ,Gemeente ,GM0093    ,       1
2946,8840,T001203,GM0448    ,2022JJ00,     285,      10,     145,     115,      15,      75,     190,      20,     410,     145,     155,       .,      20,      10,       .,      55,       .,Texel                                   ,Gemeente ,GM0448    ,       1
2949,8849,T001203,GM1525    ,2022JJ00,    1130,      60,     545,     480,      45,     225,     855,      50,    1685,     285,     620,      15,      85,      75,      10,     495,       .,Teylingen                               ,Gemeente ,GM1525    ,       1
2961,8885,T001203,GM0716    ,2022JJ00,     740,      40,     375,     315,      10,     155,     540,      45,    1215,     530,     420,      40,      60,      50,       .,      45,       .,Tholen                                  ,Gemeente ,GM0716    ,       1
2970,8912,T001203,GM0281    ,2022JJ00,    1900,     170,     920,     720,      85,     540,    1245,     115,    3325,     630,     820,      75,     150,     235,       .,    1255,       .,Tiel                                    ,Gemeente ,GM0281    ,       1
2975,8927,T001203,GM0855    ,2022JJ00,    5860,     350,    3000,    2370,     140,    1895,    3500,     460,    8280,    2080,    3330,     480,     745,     730,       .,     100,      15,Tilburg                                 ,Gemeente ,GM0855    ,       1
3035,9107,T001203,GM0183    ,2022JJ00,     410,      15,     210,     170,      10,      80,     300,      30,     615,     270,     165,       .,      50,      20,       .,      60,       .,Tubbergen                               ,Gemeente ,GM0183    ,       1
3044,9134,T001203,GM1700    ,2022JJ00,    1035,      55,     565,     390,      25,     215,     725,      95,    1670,     640,     440,      30,     195,      50,       .,     140,       .,Twenterand                              ,Gemeente ,GM1700    ,       1
3051,9155,T001203,GM1730    ,2022JJ00,     885,      45,     435,     375,      35,     195,     630,      65,    1220,     450,     470,      40,      60,      55,      10,      75,       .,Tynaarlo                                ,Gemeente ,GM1730    ,       1
3068,9206,T001203,GM0737    ,2022JJ00,     780,      45,     375,     340,      20,     175,     490,     115,    1085,     375,     385,      25,     105,      45,       .,      40,      15,Tytsjerksteradiel                       ,Gemeente ,GM0737    ,       1
3079,9239,T001203,GM0450    ,2022JJ00,     315,      15,     155,     140,       .,      65,     230,      20,     410,      80,     185,      15,      85,      10,       .,      10,       .,Uitgeest                                ,Gemeente ,GM0450    ,       1
3081,9245,T001203,GM0451    ,2022JJ00,     830,      65,     375,     365,      20,     225,     565,      40,    1120,     325,     440,      20,     115,      45,       .,      70,      10,Uithoorn                                ,Gemeente ,GM0451    ,       1
3093,9281,T001203,GM0184    ,2022JJ00,     405,      20,     200,     170,      10,      45,     325,      30,     530,     135,     220,      10,      20,      10,       .,      75,       .,Urk                                     ,Gemeente ,GM0184    ,       1
3095,9287,T001203,GM0344    ,2022JJ00,   11980,    1225,    4975,    4640,    1140,    3030,    8365,     585,   16535,    2840,    2565,     200,     475,     680,      40,    8860,       .,Utrecht                                 ,Gemeente ,GM0344    ,       1
3106,9320,T001203,GM1581    ,2022JJ00,    1320,      50,     605,     625,      45,     270,     950,     105,    1925,     555,     945,      10,     145,      70,       .,      70,       .,Utrechtse Heuvelrug                     ,Gemeente ,GM1581    ,       1
3112,9338,T001203,GM0981    ,2022JJ00,     165,      25,      75,      60,       .,      65,      95,      10,     410,     125,      50,      25,      30,       .,       .,     145,      15,Vaals                                   ,Gemeente ,GM0981    ,       1
3115,9347,T001203,GM0994    ,2022JJ00,     340,      20,     175,     130,      10,      95,     205,      35,     505,     145,     170,      40,      80,      25,       .,      10,       .,Valkenburg aan de Geul                  ,Gemeente ,GM0994    ,       1
3122,9368,T001203,GM0858    ,2022JJ00,     650,      35,     305,     265,      50,     165,     440,      50,     900,     375,     250,      25,      90,      25,       .,      55,       .,Valkenswaard                            ,Gemeente ,GM0858    ,       1
3126,9380,T001203,GM0047    ,2022JJ00,    1000,      65,     475,     430,      30,     280,     605,     115,    1535,     465,     520,      85,     190,      60,       .,      35,      25,Veendam                                 ,Gemeente ,GM0047    ,       1
3130,9392,T001203,GM0345    ,2022JJ00,    2545,     200,    1340,     910,      95,     570,    1810,     165,    4415,    1285,     705,      40,     250,      95,       .,    1795,       .,Veenendaal                              ,Gemeente ,GM0345    ,       1
3137,9413,T001203,GM0717    ,2022JJ00,     425,      20,     230,     160,      10,      60,     325,      40,     655,     285,     220,      30,      35,      30,       .,      20,       .,Veere                                   ,Gemeente ,GM0717    ,       1
3151,9455,T001203,GM0861    ,2022JJ00,    1230,      70,     570,     510,      80,     315,     840,      75,    1780,     740,     615,      95,      95,      30,       .,     125,       .,Veldhoven                               ,Gemeente ,GM0861    ,       1
3155,9467,T001203,GM0453    ,2022JJ00,    1915,     120,     910,     810,      75,     560,    1205,     150,    2900,     805,    1120,     135,     395,      90,       .,     125,      10,Velsen                                  ,Gemeente ,GM0453    ,       1
3166,9500,T001203,GM0983    ,2022JJ00,    2535,     225,    1195,     990,     125,     720,    1605,     215,    3870,    1610,     795,     295,     400,     150,      20,     145,       .,Venlo                                   ,Gemeente ,GM0983    ,       1
3188,9566,T001203,GM0984    ,2022JJ00,     975,      80,     455,     420,      20,     245,     685,      45,    1490,     790,     285,     115,     100,      35,       .,      30,       .,Venray                                  ,Gemeente ,GM0984    ,       1
3212,9638,T001203,GM1961    ,2022JJ00,    1455,     100,     760,     550,      45,     305,    1060,      90,    2075,     980,     595,      30,     105,     115,       .,      80,       .,Vijfheerenlanden                        ,Gemeente ,GM1961    ,       1
3252,9758,T001203,GM0622    ,2022JJ00,    1305,     125,     565,     555,      60,     480,     655,     170,    1980,     530,     520,      30,     375,     145,       .,      25,      25,Vlaardingen                             ,Gemeente ,GM0622    ,       1
3261,9785,T001203,GM0096    ,2022JJ00,      10,       .,       .,       .,       .,       .,      10,       .,      10,       .,       .,       .,       .,       .,       .,       .,       .,Vlieland                                ,Gemeente ,GM0096    ,       1
3263,9791,T001203,GM0718    ,2022JJ00,    1235,      95,     605,     485,      50,     450,     645,     145,    2125,     990,     645,      50,      80,     125,       .,      10,       .,Vlissingen                              ,Gemeente ,GM0718    ,       1
3272,9818,T001203,GM0986    ,2022JJ00,     200,      15,      95,      85,       .,      50,     140,      10,     285,     165,      50,       .,      10,      10,      10,      25,       .,Voerendaal                              ,Gemeente ,GM0986    ,       1
3279,9839,T001203,GM0626    ,2022JJ00,     630,      30,     325,     255,      20,     160,     435,      35,     930,     180,     410,      30,      55,      45,       .,     145,       .,Voorschoten                             ,Gemeente ,GM0626    ,       1
3281,9845,T001203,GM0285    ,2022JJ00,     490,      20,     250,     205,      20,      90,     365,      35,     740,     415,     130,      10,      55,      50,       .,      20,       .,Voorst                                  ,Gemeente ,GM0285    ,       1
3286,9860,T001203,GM0865    ,2022JJ00,     735,      25,     395,     300,      10,     165,     540,      30,    1030,     405,     405,      60,      55,      40,       .,      10,       .,Vught                                   ,Gemeente ,GM0865    ,       1
3291,9875,T001203,GM1949    ,2022JJ00,    1130,      50,     550,     485,      45,     265,     735,     130,    1580,     520,     560,      25,     200,      25,       .,      60,      10,Waadhoeke                               ,Gemeente ,GM1949    ,       1
3333,10001,T001203,GM0866    ,2022JJ00,     510,      25,     245,     215,      25,     120,     370,      20,     695,     170,     230,      30,      75,      15,       .,     140,       .,Waalre                                  ,Gemeente ,GM0866    ,       1
3335,10007,T001203,GM0867    ,2022JJ00,    1350,      65,     740,     520,      25,     330,     940,      80,    1805,     535,     575,     235,      80,     185,       .,      90,       .,Waalwijk                                ,Gemeente ,GM0867    ,       1
3339,10019,T001203,GM0627    ,2022JJ00,     840,      55,     465,     300,      20,     155,     640,      45,    1310,     465,     385,      95,     120,      70,       .,      60,       .,Waddinxveen                             ,Gemeente ,GM0627    ,       1
3344,10034,T001203,GM0289    ,2022JJ00,     835,      45,     435,     335,      20,     245,     545,      45,    1225,     505,     475,      45,      75,      45,       .,      10,       .,Wageningen                              ,Gemeente ,GM0289    ,       1
3357,10073,T001203,GM0629    ,2022JJ00,     605,      35,     245,     315,      10,     175,     395,      35,     870,     100,     475,      30,      75,      55,      10,      70,       .,Wassenaar                               ,Gemeente ,GM0629    ,       1
3360,10082,T001203,GM0852    ,2022JJ00,     445,      10,     215,     210,      10,     115,     315,      15,     560,     120,     300,       .,      30,      35,       .,      50,       .,Waterland                               ,Gemeente ,GM0852    ,       1
3367,10103,T001203,GM0988    ,2022JJ00,    1380,     110,     600,     525,     145,     475,     825,      85,    2250,     575,     515,      35,     165,      45,       .,     780,       .,Weert                                   ,Gemeente ,GM0988    ,       1
3384,10154,T001203,GM0457    ,2022JJ00,     400,      20,     195,     180,       .,     110,     270,      20,     565,     105,     305,      10,      50,      15,       .,      45,       .,Weesp                                   ,Gemeente ,GM0457    ,       1
3393,10181,T001203,GM1960    ,2022JJ00,    1515,      55,     795,     630,      35,     280,    1160,      75,    2245,     695,    1020,      95,     100,     155,       .,      65,       .,West Betuwe                             ,Gemeente ,GM1960    ,       1
3406,10220,T001203,GM0668    ,2022JJ00,     485,      25,     235,     210,      10,      95,     370,      20,     720,     290,     290,      10,      40,      40,       .,      10,       .,West Maas en Waal                       ,Gemeente ,GM0668    ,       1
3415,10247,T001203,GM1969    ,2022JJ00,    1900,     110,     950,     790,      50,     375,    1395,     130,    2760,    1060,    1125,     135,     125,     105,      10,      30,      45,Westerkwartier                          ,Gemeente ,GM1969    ,       1
3434,10304,T001203,GM1701    ,2022JJ00,     410,      20,     200,     170,      15,      95,     285,      30,     565,     160,     255,      10,      45,      20,       .,      30,       .,Westerveld                              ,Gemeente ,GM1701    ,       1
3453,10361,T001203,GM0293    ,2022JJ00,     445,      25,     225,     185,      10,     120,     290,      30,     710,     310,     195,      10,      55,      55,       .,      30,       .,Westervoort                             ,Gemeente ,GM0293    ,       1
3455,10367,T001203,GM1950    ,2022JJ00,     595,      35,     260,     280,      25,     155,     370,      70,     865,     255,     290,      15,      85,      45,       .,      25,      35,Westerwolde                             ,Gemeente ,GM1950    ,       1
3466,10400,T001203,GM1783    ,2022JJ00,    2755,     130,    1355,    1175,      95,     605,    2025,     130,    4010,    1510,    1580,      90,     250,     175,      25,     205,       .,Westland                                ,Gemeente ,GM1783    ,       1
3477,10433,T001203,GM0098    ,2022JJ00,     540,      40,     285,     205,      10,     125,     370,      50,     765,     190,     250,      15,     115,      30,       .,      70,       .,Weststellingwerf                        ,Gemeente ,GM0098    ,       1
3494,10484,T001203,GM0614    ,2022JJ00,     170,       .,      85,      75,       .,      40,     120,      10,     235,      90,      80,       .,      15,      15,       .,       .,       .,Westvoorne                              ,Gemeente ,GM0614    ,       1
3497,10493,T001203,GM0189    ,2022JJ00,     520,      20,     270,     215,      15,      85,     405,      35,     765,     245,     255,      20,     110,      20,       .,      70,       .,Wierden                                 ,Gemeente ,GM0189    ,       1
3504,10514,T001203,GM0296    ,2022JJ00,    1115,      45,     555,     480,      35,     280,     770,      65,    1755,     665,     760,      15,     125,      70,       .,      20,       .,Wijchen                                 ,Gemeente ,GM0296    ,       1
3514,10544,T001203,GM1696    ,2022JJ00,     580,      20,     300,     245,      15,     115,     450,      15,     835,     160,     520,      15,      35,      25,       .,      30,       .,Wijdemeren                              ,Gemeente ,GM1696    ,       1
3522,10568,T001203,GM0352    ,2022JJ00,     770,      40,     380,     315,      30,     185,     540,      40,    1115,     545,     355,       .,      50,      55,       .,      45,       .,Wijk bij Duurstede                      ,Gemeente ,GM0352    ,       1
3527,10583,T001203,GM0294    ,2022JJ00,     845,      85,     395,     325,      45,     230,     555,      60,    1360,     550,     210,      15,      55,      25,       .,     420,       .,Winterswijk                             ,Gemeente ,GM0294    ,       1
3530,10592,T001203,GM0873    ,2022JJ00,     575,      20,     265,     275,      15,     115,     405,      50,     845,     295,     390,       .,      45,      40,       .,      15,       .,Woensdrecht                             ,Gemeente ,GM0873    ,       1
3535,10607,T001203,GM0632    ,2022JJ00,    1345,      70,     650,     585,      40,     315,     960,      65,    1950,     610,     795,      40,     110,     195,      10,      55,       .,Woerden                                 ,Gemeente ,GM0632    ,       1
3544,10634,T001203,GM1690    ,2022JJ00,     535,      30,     285,     205,      15,     110,     390,      40,     705,     155,     350,      15,      45,      30,       .,      50,      25,De Wolden                               ,Gemeente ,GM1690    ,       1
3559,10679,T001203,GM0880    ,2022JJ00,     400,      15,     180,     185,      20,     115,     255,      25,     570,     140,     115,       .,      45,      10,       .,     230,       .,Wormerland                              ,Gemeente ,GM0880    ,       1
3563,10691,T001203,GM0351    ,2022JJ00,     365,      20,     180,     150,      20,      70,     265,      30,     550,     225,     125,      10,      45,      15,       .,      95,       .,Woudenberg                              ,Gemeente ,GM0351    ,       1
3565,10697,T001203,GM0479    ,2022JJ00,    4885,     405,    2215,    2010,     250,    1720,    2845,     320,    7855,    1480,    1730,      45,     600,     160,      10,    3300,      85,Zaanstad                                ,Gemeente ,GM0479    ,       1
3585,10757,T001203,GM0297    ,2022JJ00,     845,      55,     415,     345,      30,     155,     625,      65,    1180,     555,     395,      35,      55,      50,       .,      25,       .,Zaltbommel                              ,Gemeente ,GM0297    ,       1
3590,10772,T001203,GM0473    ,2022JJ00,     305,      15,     140,     145,       .,     110,     180,      10,     440,     130,     175,      15,      60,      10,       .,       .,       .,Zandvoort                               ,Gemeente ,GM0473    ,       1
3595,10787,T001203,GM0050    ,2022JJ00,     835,      50,     440,     325,      20,     200,     580,      50,    1245,     505,     405,      15,      80,      65,       .,      60,      10,Zeewolde                                ,Gemeente ,GM0050    ,       1
3597,10793,T001203,GM0355    ,2022JJ00,    2345,     130,    1080,    1045,      90,     550,    1645,     150,    3505,    1035,    1485,      30,     145,     120,       .,     445,      30,Zeist                                   ,Gemeente ,GM0355    ,       1
3603,10811,T001203,GM0299    ,2022JJ00,    1225,      60,     620,     515,      25,     315,     810,     105,    2020,     740,     700,      25,     145,     130,      15,     125,       .,Zevenaar                                ,Gemeente ,GM0299    ,       1
3616,10850,T001203,GM0637    ,2022JJ00,    4630,     220,    2355,    1960,     100,    1435,    2910,     285,    7070,    1895,    3125,     245,     580,     390,      55,     285,      10,Zoetermeer                              ,Gemeente ,GM0637    ,       1
3626,10880,T001203,GM0638    ,2022JJ00,     280,      15,     125,     130,      10,      40,     200,      45,     405,      65,     140,      10,      20,      25,       .,     130,       .,Zoeterwoude                             ,Gemeente ,GM0638    ,       1
3634,10904,T001203,GM1892    ,2022JJ00,    1285,      45,     685,     530,      25,     280,     915,      90,    1925,     430,     910,      50,     165,     110,      10,      90,       .,Zuidplas                                ,Gemeente ,GM1892    ,       1
3639,10919,T001203,GM0879    ,2022JJ00,     385,      15,     220,     135,      10,      75,     285,      25,     540,     270,     125,      10,      30,      15,       .,      60,       .,Zundert                                 ,Gemeente ,GM0879    ,       1
3645,10937,T001203,GM0301    ,2022JJ00,    1590,      90,     740,     710,      55,     430,    1045,     120,    2460,    1035,     760,      60,     195,     180,       .,      15,      10,Zutphen                                 ,Gemeente ,GM0301    ,       1
3652,10958,T001203,GM1896    ,2022JJ00,     510,      20,     255,     225,      10,      80,     390,      40,     740,     310,     160,       .,      70,      40,       .,      80,      10,Zwartewaterland                         ,Gemeente ,GM1896    ,       1
3659,10979,T001203,GM0642    ,2022JJ00,    1620,     140,     845,     605,      30,     565,     960,      95,    2580,     530,     615,      35,     125,      90,       .,    1030,       .,Zwijndrecht                             ,Gemeente ,GM0642    ,       1
3669,11009,T001203,GM0193    ,2022JJ00,    3610,     200,    1730,    1590,      85,    1000,    2300,     305,    5455,    2390,    1025,      70,     505,     185,       .,     660,      35,Zwolle                                  ,Gemeente ,GM0193    ,       1
